<?xml version="1.0" encoding="UTF-8"?>
<project-private xmlns="http://www.netbeans.org/ns/project-private/1">
    <editor-bookmarks xmlns="http://www.netbeans.org/ns/editor-bookmarks/2" lastBookmarkId="0"/>
    <open-files xmlns="http://www.netbeans.org/ns/projectui-open-files/2">
        <group>
            <file>file:/C:/Users/lalot/Downloads/3%20UNIDAD%20BENEDICTO/CRUDEstudiantesRAF/src/modelo/ArchivoOrganizacionDirecta.java</file>
            <file>file:/C:/Users/lalot/Downloads/3%20UNIDAD%20BENEDICTO/CRUDEstudiantesRAF/src/controlador/ControladorCRUDEstudiantes.java</file>
            <file>file:/C:/Users/lalot/Downloads/3%20UNIDAD%20BENEDICTO/CRUDEstudiantesRAF/src/vista/FrmAgregarEstudiante.java</file>
        </group>
    </open-files>
</project-private>
